product_name,brand,price
"Mushrooms - Black, Dried",Jazzy,24.83
"Sugar - Sweet N Low, Individual",Innojam,53.37
Table Cloth 91x91 Colour,Dynava,1.72
"Cheese - Woolwich Goat, Log",Yadel,79.61
"Soup - Campbells, Cream Of",Midel,51.16
Wine - Delicato Merlot,Jabbercube,47.6
Pear - Halves,Photobug,92.63
"Pepper - Chillies, Crushed",Avamm,87.49
Yeast Dry - Fermipan,Nlounge,32.71
Wine - Sicilia Igt Nero Avola,Feednation,21.42
Cactus Pads,Brainbox,34.77
Tumeric,Abata,65.36
Chocolate - Dark Callets,Voolia,83.96
Beer - Original Organic Lager,Miboo,38.22
"Wine - Red, Cooking",Trudeo,9.01
Dry Ice,Flipopia,61.35
"Liners - Banana, Paper",Innotype,19.3
Parsley - Dried,Pixonyx,95.07
Wine - Lou Black Shiraz,Yambee,62.68
"Shrimp - 16 - 20 Cooked, Peeled",Fivespan,30.9
Sugar - Brown,Bluezoom,16.37
Cocoa Butter,Blogtags,92.27
Beef - Tenderloin - Aa,Oodoo,48.22
Onions - Green,Jetpulse,38.48
Table Cloth 91x91 Colour,Kwideo,55.56
Goat - Leg,Digitube,3.51
Mix - Cocktail Strawberry Daiquiri,Skajo,51.82
Bay Leaf Fresh,Blogtag,88.09
Muffin Hinge 117n,Lazz,52.19
Wine - Trimbach Pinot Blanc,Voolith,61.48
Ham - Virginia,Thoughtsphere,70.86
"Pasta - Lasagne, Fresh",Flipbug,46.59
Pineapple - Regular,Brightdog,92.45
"Roe - Lump Fish, Black",Midel,87.17
Sauce - Oyster,Podcat,6.56
Compound - Strawberry,Eadel,80.51
Capicola - Hot,Kanoodle,46.2
Quail Eggs - Canned,Edgeclub,72.61
"Tarragon - Primerba, Paste",Aimbo,32.46
"Lentils - Red, Dry",Mudo,40.08
Longos - Grilled Chicken With,Dabjam,11.02
"Cheese - Mozzarella, Shredded",Browseblab,53.57
Scallop - St. Jaques,Zoomcast,23.22
Wasabi Powder,Vinte,30.71
Sugar - Icing,Lazz,72.77
Foam Dinner Plate,Vipe,31.21
Appetizer - Cheese Bites,Shuffledrive,32.24
"Bread - Pumpernickle, Rounds",InnoZ,83.35
Croissants Thaw And Serve,Jazzy,48.79
Beef - Rib Eye Aaa,Dabshots,32.12
Coffee Cup 8oz 5338cd,Eabox,17.44
Apricots Fresh,Gabtype,53.15
"Ranchero - Primerba, Paste",Trudeo,24.74
Soup - Campbells Beef Strogonoff,Twitternation,7.77
Pepper - Cayenne,Browsebug,98.53
Oil - Olive,Vinte,55.54
Meldea Green Tea Liquor,Demizz,12.3
Wooden Mop Handle,Bubbletube,84.48
Napkin Colour,Thoughtblab,73.53
Cheese - Parmesan Cubes,Rooxo,44.63
"Pasta - Cannelloni, Sheets, Fresh",Ooba,15.12
Container - Clear 32 Oz,Aimbo,45.48
Wine - Magnotta - Bel Paese White,Mycat,82.21
Pate - Liver,Leexo,52.59
Tea - Jasmin Green,Pixoboo,70.03
Lotus Rootlets - Canned,Avavee,9.31
"Pasta - Cappellini, Dry",Twinder,68.69
"Juice - Grape, White",Yombu,28.4
Seabream Whole Farmed,Edgeify,50.33
Water - San Pellegrino,Aimbu,62.4
Squid U5 - Thailand,Kwilith,11.15
Beer - Sleemans Honey Brown,Twimm,85.28
Pear - Packum,Tavu,94.76
Puree - Mocha,Flashset,39.11
Cheese - Stilton,Latz,10.74
Cookie Dough - Chunky,Realblab,16.35
Sponge Cake Mix - Chocolate,Jazzy,39.22
Squid - Breaded,Meevee,51.57
Drambuie,Zava,12.48
Cocoa Butter,Gabcube,21.17
Soho Lychee Liqueur,Zoombeat,7.09
Potatoes - Pei 10 Oz,Bluezoom,56.79
Pimento - Canned,Topicblab,8.32
Herb Du Provence - Primerba,Topicware,27.54
Steam Pan - Half Size Deep,Zoovu,19.91
Wine - Fontanafredda Barolo,Yadel,96.43
Cake - French Pear Tart,Roombo,90.64
Hold Up Tool Storage Rack,Youbridge,57.03
"Beef - Ox Tail, Frozen",Cogibox,52.27
"Potatoes - Yukon Gold, 80 Ct",Shufflebeat,79.37
Cookies Oatmeal Raisin,Yodo,20.9
Thyme - Fresh,Omba,78.35
"Rum - Dark, Bacardi, Black",LiveZ,69.13
Sugar Thermometer,Gabvine,14.98
"Wine - Red, Metus Rose",Voonder,93.0
Fuji Apples,Divape,88.78
Veal - Sweetbread,Eadel,40.15
Rice - Jasmine Sented,Bluejam,85.45
Beef - Cow Feet Split,Demimbu,93.66
Paste - Black Olive,Devshare,80.09
Soho Lychee Liqueur,Innojam,11.22
"Beef - Ground, Extra Lean, Fresh",Photobean,25.63
"Cheese - Romano, Grated",Browsebug,72.68
Juice - Orange 1.89l,Eabox,60.46
Bagel - 12 Grain Preslice,Skyvu,30.97
Bread - Olive,Twitterbeat,45.87
Nut - Pumpkin Seeds,Fadeo,98.35
Wine - Gewurztraminer Pierre,Npath,89.72
"Wine - White, Riesling, Semi - Dry",Dynabox,15.8
"Lid - 10,12,16 Oz",Ainyx,88.34
Cafe Royale,Skyble,94.65
Sauce - Vodka Blush,Trilith,96.66
Kellogs Special K Cereal,Quire,76.5
Mix Pina Colada,Twiyo,24.63
The Pop Shoppe - Lime Rickey,Gabspot,33.1
Papayas,Flipbug,65.01
Edible Flower - Mixed,Katz,73.55
"Napkin - Beverge, White 2 - Ply",Voonix,84.64
Lid Tray - 12in Dome,Thoughtstorm,20.32
Flour - Whole Wheat,Oyoba,37.2
Wine - Winzer Krems Gruner,Edgewire,48.23
Glaze - Apricot,Buzzshare,19.23
"Gingerale - Schweppes, 355 Ml",Jaxbean,17.04
Table Cloth 72x144 White,Quimba,43.33
Tuna - Yellowfin,Digitube,39.07
Fib N9 - Prague Powder,Skivee,21.61
Flour - Strong,Topicstorm,96.55
Lamb Tenderloin Nz Fr,Izio,44.63
Nectarines,Voonte,96.34
Kiwano,Gabtune,75.03
"Stock - Veal, White",Skinder,48.78
Uniform Linen Charge,JumpXS,62.3
Sorrel - Fresh,Photobug,4.25
Hot Chocolate - Individual,Browsezoom,19.12
Arizona - Green Tea,Oloo,94.18
Pastry - Cheese Baked Scones,Flashset,11.24
Coffee Cup 16oz Foam,Tagopia,34.87
Sherry - Dry,Avaveo,4.18
Wine - Stoneliegh Sauvignon,Mydo,73.54
Avocado,Gigazoom,28.84
Petite Baguette,Skimia,88.07
"Syrup - Monin, Irish Cream",Feedspan,5.07
Wine - Pinot Noir Pond Haddock,Skaboo,4.08
"Nut - Walnut, Chopped",Topdrive,51.99
Soup - Chicken And Wild Rice,Wordware,10.92
"Shrimp - 16 - 20 Cooked, Peeled",Jetwire,87.65
"Crab - Dungeness, Whole",Avamba,47.74
Chocolate Eclairs,Snaptags,50.84
"Shrimp, Dried, Small / Lb",Yadel,94.82
Cookies Cereal Nut,Devify,63.97
"Appetizer - Spring Roll, Veg",Babbleblab,16.77
Cake - French Pear Tart,Zoonder,18.54
Wiberg Super Cure,Skipstorm,73.85
Quail - Jumbo,Brainbox,19.6
Langers - Ruby Red Grapfruit,Wikizz,49.82
Barley - Pearl,Fadeo,45.68
Lotus Rootlets - Canned,Fiveclub,24.72
Grenadine,Digitube,75.37
Onions - Green,Jabbersphere,80.99
Pancetta,Skipstorm,27.29
Cheese - Shred Cheddar / Mozza,Devify,41.95
Lid - 0090 Clear,Skinix,96.79
Aspic - Light,DabZ,94.91
Tea - English Breakfast,Flipbug,63.9
"Nestea - Ice Tea, Diet",Kaymbo,74.61
"Pepsi - Diet, 355 Ml",Jabbersphere,25.26
Wine - Chateau Bonnet,Realbuzz,64.59
"Doilies - 7, Paper",Photojam,47.46
"Rice Pilaf, Dry,package",Thoughtstorm,17.63
Icecream Cone - Areo Chocolate,Rhybox,59.19
"Beef - Roasted, Cooked",Jazzy,98.69
Snapple Lemon Tea,Ozu,10.46
Scallops 60/80 Iqf,Twiyo,29.35
Cleaner - Lime Away,Bubblemix,43.32
Vinegar - Sherry,Teklist,79.03
Pate - Liver,Kwinu,62.23
Ham - Proscuitto,Eamia,77.68
"Soup - Campbells, Creamy",Eazzy,23.65
Bag Stand,Vipe,61.33
Cleaner - Pine Sol,Aimbo,21.18
"Croissant, Raw - Mini",Skimia,99.92
Pancetta,Youfeed,32.89
"Potatoes - Yukon Gold, 80 Ct",Edgeify,69.93
"Napkin - Beverge, White 2 - Ply",Zoombox,9.21
Island Oasis - Lemonade,Tagcat,51.16
Butter - Unsalted,Innojam,78.42
Pork - Liver,Layo,68.0
Pear - Packum,Muxo,22.53
Bread - Bistro White,Dynava,1.92
Chickensplit Half,Jabberbean,75.78
"Trout - Rainbow, Frozen",Skaboo,4.48
Cumin - Whole,Tagcat,6.28
Wine - Fino Tio Pepe Gonzalez,Zava,80.2
Flour - Strong Pizza,Skibox,48.8
Coffee - Espresso,Voomm,99.86
Iced Tea Concentrate,Blogpad,14.03
Coffee - Espresso,Oyope,25.05
Lettuce - Radicchio,Skiba,66.47
Marjoram - Fresh,Jaxbean,8.11
"Trout - Rainbow, Fresh",Twitterbeat,14.42
Bouillion - Fish,Realmix,97.4
Neckerchief Blck,Topicware,29.48
Cream - 18%,Rhynoodle,42.25
Phyllo Dough,Meedoo,77.99
Bread Country Roll,Voomm,56.72
Pepper - Jalapeno,Twitterbeat,51.71
"Pasta - Gnocchi, Potato",Devpoint,62.18
Wine - Semi Dry Riesling Vineland,Kimia,8.93
Danishes - Mini Cheese,Kwideo,29.1
Pepper - Gypsy Pepper,Meetz,69.74
Jam - Raspberry,Midel,56.48
Cheese - Le Cheve Noir,Wordify,53.48
"Juice - Apple, 500 Ml",Quinu,75.64
"Sparkling Wine - Rose, Freixenet",Talane,82.26
Ecolab - Ster Bac,Twinte,66.47
Wooden Mop Handle,Voomm,95.01
Lobster - Base,Skajo,83.73
Cinnamon - Ground,Abata,70.21
Tuna - Yellowfin,Divape,77.33
"Oil - Olive, Extra Virgin",Jaxworks,55.8
Munchies Honey Sweet Trail Mix,Feedfire,96.38
Cauliflower,Gevee,41.78
"Nut - Hazelnut, Whole",Photojam,15.1
Sauce - Plum,Vipe,30.61
Squash - Butternut,Ozu,13.54
"Salt - Rock, Course",Voonix,14.33
Eggroll,Jaxworks,57.7
Wine - Prosecco Valdobienne,Gigaclub,71.7
Beef - Short Ribs,Eabox,63.8
Vacuum Bags 12x16,Yoveo,63.57
Bar Mix - Lime,Realmix,81.32
Mushroom - Crimini,Zoomcast,84.43
Wine - Periguita Fonseca,Chatterpoint,18.9
Spinach - Spinach Leaf,Ntags,87.33
Anchovy Paste - 56 G Tube,Blognation,15.58
Lamb - Shanks,Vitz,7.04
Milk - Skim,Devbug,31.9
Veal - Ground,Avamm,80.03
Tomato - Plum With Basil,Centizu,42.82
Tea - Mint,Twimbo,50.81
Pie Shell - 5,Divanoodle,13.15
"Coffee - Colombian, Portioned",Kayveo,82.97
Ham - Cooked Italian,Blogspan,66.22
Sobe - Lizard Fuel,Twimm,12.05
Turnip - White,Wikibox,81.93
Container Clear 8 Oz,Zoonoodle,64.6
"Salmon - Atlantic, Fresh, Whole",Kwimbee,61.28
Oil - Macadamia,Shuffledrive,77.27
"Tomatoes - Cherry, Yellow",Linkbuzz,12.06
Appetizer - Crab And Brie,Midel,78.06
Pastry - Butterscotch Baked,Kazu,20.3
Steel Wool,Gigaclub,8.67
Remy Red Berry Infusion,Shuffletag,8.13
Foil - Round Foil,Zazio,2.37
Venison - Liver,Twimbo,82.72
Fond - Neutral,Dabjam,29.6
Wine - Two Oceans Sauvignon,Thoughtmix,49.55
Chips Potato All Dressed - 43g,Blognation,84.87
Appetizer - Smoked Salmon / Dill,Thoughtworks,51.57
"Shrimp - 16 - 20 Cooked, Peeled",Katz,39.16
Wine - Chardonnay South,Brightbean,95.61
Wine - Merlot Vina Carmen,Fiveclub,47.89
Soup - Campbells - Chicken Noodle,Bubblemix,46.64
Dome Lid Clear P92008h,Roomm,36.89
Rosemary - Dry,Skimia,55.08
Sour Cream,Eamia,90.38
Oil - Olive Bertolli,Eamia,53.18
Bread Cranberry Foccacia,Realfire,81.8
Cheese - Ricotta,Dabjam,91.97
Sauce Tomato Pouch,Dabvine,83.48
Wine - Magnotta - Cab Sauv,Oloo,78.23
Muffin Batt - Carrot Spice,Avavee,46.72
Soup - Campbells Pasta Fagioli,Flipstorm,78.0
"Soup - Knorr, Chicken Noodle",Quire,11.48
Dried Cherries,Eare,68.48
Oil - Canola,Gigazoom,23.37
Flavouring Vanilla Artificial,Jabberbean,42.97
"Tomatoes - Cherry, Yellow",Mymm,99.18
Jolt Cola,Eabox,35.88
Blue Curacao - Marie Brizard,Rhynoodle,52.75
Wine - Pinot Noir Stoneleigh,Mydo,66.68
Dikon,Vipe,43.42
Flour Pastry Super Fine,Vipe,98.4
Beer - Mill St Organic,Blogpad,74.04
Pastry - Butterscotch Baked,Shufflebeat,19.57
"Turkey - Whole, Fresh",Zoonder,24.35
Creme De Menthe Green,Yakidoo,19.06
"Soup - Beef, Base Mix",Thoughtmix,77.33
Cookie Dough - Peanut Butter,Vidoo,94.49
"Carrots - Mini, Stem On",Skippad,69.59
"Tart Shells - Savory, 4",Flipopia,21.97
Ecolab - Mikroklene 4/4 L,Zoomcast,83.51
Pork - Backs - Boneless,Jatri,21.79
Hinge W Undercut,Youfeed,29.72
"Bread - Pita, Mini",Feedmix,35.5
Icecream - Dstk Super Cone,Ntags,1.83
Bread - Granary Small Pull,Yabox,43.41
Cup - Translucent 7 Oz Clear,Jabbercube,75.49
Sauce - Rosee,Jetwire,90.72
Orange - Tangerine,Realbridge,13.36
"Cheese - Woolwich Goat, Log",Devpulse,30.26
"Olives - Green, Pitted",Fliptune,31.76
Soho Lychee Liqueur,Zoonoodle,91.66
Sauerkraut,Youbridge,10.44
Pastry - Cheese Baked Scones,Camimbo,59.64
"Rum - Light, Captain Morgan",Skyba,24.88
Spring Roll Wrappers,Linkbridge,47.3
Soup - Campbells - Tomato,Kwideo,44.8
"Fish - Atlantic Salmon, Cold",Yamia,56.51
Goulash Seasoning,Oloo,27.86
Brandy Cherry - Mcguinness,Photospace,69.03
Cheese - Marble,Lazz,69.47
Lettuce - California Mix,Zava,73.78
Pastry - Plain Baked Croissant,Wordtune,42.47
Fennel - Seeds,Topicshots,18.72
Lettuce Romaine Chopped,Trudoo,63.79
Goulash Seasoning,Gigabox,50.58
"Bread - Roll, Whole Wheat",Fadeo,98.44
Momiji Oroshi Chili Sauce,Edgeclub,35.0
Shrimp - Black Tiger 26/30,Devpulse,37.07
Wine - Zinfandel California 2002,Twitterwire,59.38
"Lettuce - Romaine, Heart",Rhybox,46.28
Figs,Flashdog,60.69
Lobster - Canned Premium,Dabtype,47.75
Containter - 3oz Microwave Rect.,Avamm,39.85
Garbage Bags - Black,Zoozzy,22.63
Baking Powder,Divavu,88.24
Soup - Boston Clam Chowder,Fivebridge,12.23
V8 - Berry Blend,Yodoo,60.68
Kumquat,Mycat,45.7
"Turkey - Whole, Fresh",Buzzster,58.21
"Extract - Vanilla,artificial",Dabvine,77.24
Crab - Meat,Demivee,52.59
Towel Multifold,Aibox,17.53
Dr. Pepper - 355ml,Wordpedia,63.23
Wine - Fino Tio Pepe Gonzalez,Topdrive,85.0
Strawberries - California,Kamba,59.08
Skirt - 29 Foot,Eabox,15.99
Miso - Soy Bean Paste,Yata,44.55
Veal - Loin,Oloo,16.5
"Salmon - Atlantic, No Skin",Wikizz,51.79
Island Oasis - Cappucino Mix,Zoombox,11.69
Carbonated Water - Cherry,Photobean,40.62
Cheese - Provolone,Yoveo,74.4
Savory,Digitube,28.53
Bread - Rosemary Focaccia,Wikizz,90.2
"Tomatoes - Vine Ripe, Red",Vipe,46.04
Sausage - Chorizo,Mita,37.17
Wine - Muscadet Sur Lie,Oyoloo,50.1
Salt - Sea,Browsezoom,39.15
Butter - Pod,Mynte,85.49
Spaghetti Squash,Midel,51.43
Chips Potato Reg 43g,Thoughtworks,58.08
"Beef - Baby, Liver",Topicstorm,74.85
Beer - Upper Canada Lager,Zoomdog,84.37
Sauce Bbq Smokey,Shuffledrive,83.27
Bread - Sour Batard,Dynava,90.21
Table Cloth 90x90 White,Chatterbridge,16.03
Mousse - Banana Chocolate,Devify,94.72
Chicken Thigh - Bone Out,BlogXS,29.45
The Pop Shoppe Pinapple,Vidoo,14.02
Ginsing - Fresh,Layo,22.54
Cabbage - Nappa,Tazzy,58.77
Basil - Seedlings Cookstown,Skajo,93.03
"Chicken - Leg, Boneless",Zoombox,66.96
"Trout - Rainbow, Fresh",Realmix,12.55
"Turkey - Breast, Double",Leexo,46.85
"Pork - Bacon, Sliced",Rhyzio,69.17
Bread - Raisin Walnut Pull,Linkbridge,93.46
Cake - Miini Cheesecake Cherry,Topiczoom,17.7
Sprouts - Bean,Kwinu,1.47
Ice Cream - Vanilla,Snaptags,47.85
Yoghurt Tubes,Devpoint,20.49
Tomatillo,Omba,41.51
Bread - Mini Hamburger Bun,Wordtune,36.08
"Sugar - Brown, Individual",Jaxbean,60.32
"Pork - Ham, Virginia",Chatterbridge,80.14
Beef - Top Sirloin - Aaa,Youtags,81.89
Beets,Meemm,75.57
Wine - Pinot Noir Pond Haddock,Jabbersphere,44.35
Filter - Coffee,Dynava,1.51
"Bar Mix - Pina Colada, 355 Ml",Bubblemix,100.0
Potatoes - Fingerling 4 Oz,Kazu,88.99
Asparagus - Frozen,Einti,42.53
Dasheen,Midel,33.44
Muffin - Bran Ind Wrpd,Avamm,86.19
Jello - Assorted,Bubbletube,69.07
Pastry - Chocolate Chip Muffin,Tanoodle,38.54
Cardamon Seed / Pod,Edgeblab,93.05
Sugar - White Packet,Skipstorm,17.42
Shark - Loin,Rooxo,73.8
Sausage - Andouille,Tagopia,31.85
"Loaf Pan - 2 Lb, Foil",Eadel,63.05
Burger Veggie,Camimbo,85.35
Sauce - Caesar Dressing,Realcube,28.94
"Wine - Sherry Dry Sack, William",Fatz,84.18
Bread - 10 Grain,Riffpath,88.04
Pork - Kidney,Buzzster,37.02
Cup Translucent 9 Oz,Einti,10.35
"Sauce - Soya, Light",Skyba,39.77
"Beef - Ground, Extra Lean, Fresh",Lazz,98.93
Ice Cream - Strawberry,Skivee,91.49
"Pasta - Shells, Medium, Dry",Photolist,80.28
Creme De Menthe Green,Buzzbean,10.67
Paper - Brown Paper Mini Cups,Wordpedia,96.72
Cheese - Sheep Milk,Latz,24.98
Water - Aquafina Vitamin,Rhycero,85.92
"Garlic - Primerba, Paste",Thoughtbridge,62.86
Meldea Green Tea Liquor,Blogpad,99.82
Chocolate Bar - Oh Henry,Bluejam,23.72
Ecolab - Hand Soap Form Antibac,Kare,55.6
Ecolab - Hobart Upr Prewash Arm,Twitterwire,64.98
Sauce - Sesame Thai Dressing,Yakidoo,90.78
Bread - Calabrese Baguette,Skippad,70.89
Foil - 4oz Custard Cup,Skyble,59.59
Beer - Maudite,Izio,4.18
Clam - Cherrystone,Twitterwire,70.43
Pepper - Chilli Seeds Mild,Snaptags,24.63
Ocean Spray - Ruby Red,Edgewire,97.95
Kellogs Special K Cereal,Livepath,77.93
Soup - Campbells Beef Noodle,Tanoodle,74.36
Contreau,Skyvu,92.23
"Oranges - Navel, 72",Browsezoom,70.26
"Ham - Smoked, Bone - In",Flashspan,72.21
Sauce - Balsamic Viniagrette,Dabvine,83.45
"Rum - Coconut, Malibu",Fatz,57.34
Pur Source,Agimba,95.22
Ecolab Digiclean Mild Fm,Camido,38.98
Grand Marnier,Meedoo,12.82
Peach - Fresh,Yodo,97.36
Bar Special K,Youtags,68.97
Beef Cheek Fresh,Blogpad,6.69
Soup - Campbells,Jatri,89.14
Island Oasis - Banana Daiquiri,Photospace,40.75
Cape Capensis - Fillet,Oodoo,21.15
Cheese - Feta,Zoozzy,62.05
Onion Powder,Oodoo,80.98
Sausage - Meat,Zoomcast,59.55
Mousse - Banana Chocolate,Avamm,76.4
Oil - Canola,Avaveo,73.68
Beef - Top Butt,Thoughtbridge,41.21
Veal - Sweetbread,Digitube,87.49
Pork Casing,Zava,86.3
Cookies - Fortune,Tagtune,15.85
Red Pepper Paste,Gabtune,24.2
Rosemary - Dry,Vidoo,61.22
Sauce - Cranberry,Voonder,12.85
Longos - Lasagna Beef,Rhyloo,23.23
"Wine - Red, Cabernet Sauvignon",Yambee,28.36
Browning Caramel Glace,Mydo,64.44
Horseradish Root,Jaxbean,21.42
"Beans - Fava, Canned",Babblestorm,89.86
Squid - U - 10 Thailand,Plambee,21.68
Milk - Homo,Cogibox,12.0
Hot Choc Vending,Oyonder,82.21
Gatorade - Fruit Punch,Feednation,94.39
"Quail - Whole, Boneless",Twitterlist,36.49
Steam Pan - Half Size Deep,Viva,87.67
Melon - Watermelon Yellow,Jaxworks,73.58
Tea - Lemon Green Tea,Rhyloo,84.66
Bagel - Everything,Kazu,19.17
Apricots - Halves,Einti,29.49
Slt - Individual Portions,Feedfish,72.17
Mackerel Whole Fresh,Jaxspan,53.15
Cake Sheet Combo Party Pack,Zooveo,26.52
"Bread - Roll, Italian",Midel,85.34
Flour Dark Rye,Demizz,61.21
Taro Root,Bluezoom,26.63
Bread - Hot Dog Buns,Trilia,40.34
Pumpkin - Seed,Devpoint,79.92
Eggplant - Baby,Meedoo,60.02
Shopper Bag - S - 4,Yozio,89.64
Water - Spring Water 500ml,Skibox,69.06
"Pasta - Canelloni, Single Serve",Oyope,62.16
Sauce - Plum,Agivu,5.17
Plasticforkblack,Wikizz,17.32
"Rice Pilaf, Dry,package",Eare,1.43
Truffle Cups Green,Jabbertype,26.79
Shrimp - Black Tiger 6 - 8,Kazu,49.84
Compound - Mocha,InnoZ,69.51
Ketchup - Tomato,Linkbridge,2.6
Oil - Shortening - All - Purpose,Skyvu,72.65
Hummus - Spread,Kaymbo,36.59
Pie Filling - Apple,Vitz,87.31
Flour - Semolina,Centizu,79.94
"Beans - Turtle, Black, Dry",Kwimbee,34.41
Bread - 10 Grain Parisian,Wikibox,90.67
Shrimp - 31/40,Kayveo,12.93
Cocoa Powder - Natural,Devpulse,37.33
Cabbage Roll,Twinte,18.82
Syrup - Monin - Granny Smith,Dabjam,29.71
Wine - Shiraz South Eastern,Kimia,11.88
Lamb Rack Frenched Australian,Cogibox,71.73
"Gingerale - Schweppes, 355 Ml",Gabcube,90.7
"Cheese - Romano, Grated",Mybuzz,36.79
Sobe - Berry Energy,Aimbo,84.23
Onions - Vidalia,Linklinks,51.12
"Crab - Back Fin Meat, Canned",Browseblab,42.73
Corn Shoots,Geba,29.64
Glass - Juice Clear 5oz 55005,Yotz,69.3
Flounder - Fresh,Voomm,53.85
Bread Crumbs - Japanese Style,Roomm,42.54
Radish - Pickled,Realcube,24.64
Limes,Voonte,38.37
Bacardi Raspberry,Wordware,54.98
Lentils - Green Le Puy,Rhycero,16.21
Wine - Lou Black Shiraz,Wordtune,77.43
Bread - Corn Muffaleta Onion,Wordtune,4.79
Scallop - St. Jaques,Katz,97.66
Snails - Large Canned,Meedoo,69.65
Mustard - Seed,Pixope,91.13
Grapes - Black,Mynte,74.03
Vinegar - Balsamic,Rhyzio,89.76
Scallops - 10/20,Youspan,57.25
Cookie Dough - Peanut Butter,Eabox,76.52
Table Cloth 62x120 Colour,Realcube,44.65
Toamtoes 6x7 Select,Photobug,9.76
Mousse - Mango,Cogibox,71.23
Mussels - Cultivated,Jaxnation,73.4
Pike - Frozen Fillet,Skinix,29.77
Mortadella,Edgetag,67.31
Pork - Smoked Kassler,Pixoboo,59.91
Lamb Rack - Ontario,Viva,10.28
Pork - Kidney,Topiczoom,46.36
Bar - Sweet And Salty Chocolate,Wikizz,53.36
Eel Fresh,Livepath,67.17
Sage - Ground,Layo,23.95
Bananas,Skippad,6.79
Wild Boar - Tenderloin,Voolith,25.2
"Wine - Harrow Estates, Vidal",Browseblab,67.11
Steamers White,Katz,76.64
Mint - Fresh,Yacero,48.45
"Red Snapper - Fillet, Skin On",Thoughtblab,92.73
Bagel - Ched Chs Presliced,Myworks,26.87
Bread - Granary Small Pull,Zoomdog,73.55
Cheese - Augre Des Champs,Rooxo,38.82
Pie Filling - Pumpkin,Oyoyo,85.27
Bread - Raisin Walnut Pull,Shufflebeat,38.05
Sauce - Thousand Island,Gabtune,87.94
Lid Coffeecup 12oz D9542b,Flipstorm,93.52
Glove - Cutting,Linklinks,29.33
True - Vue Containers,Zoozzy,79.87
"Rice Pilaf, Dry,package",Jamia,13.69
Bouq All Italian - Primerba,Tazz,35.74
True - Vue Containers,Vimbo,39.63
Wine - Ruffino Chianti,Yata,69.92
Rambutan,Skyble,86.15
Marjoram - Fresh,Buzzshare,75.62
Wine - Winzer Krems Gruner,Jabbersphere,28.7
Onions Granulated,Realblab,30.28
Lamb Rack - Ontario,Cogibox,2.72
Venison - Striploin,Kare,90.73
Oil - Macadamia,Twinder,40.41
Sauce - Oyster,Tagtune,57.01
Wine - Chianti Classica Docg,Quinu,9.43
Kellogs Special K Cereal,Meeveo,68.62
Dish Towel,Trilia,86.71
Mussels - Cultivated,Topicstorm,60.18
Chicken - Whole,Twinte,14.94
Sugar - Splenda Sweetener,Centidel,71.47
"Corn - Cream, Canned",Rhybox,24.39
Spice - Paprika,Thoughtstorm,26.61
Bread Foccacia Whole,Lazzy,36.3
Parsley - Fresh,Podcat,47.18
Oil - Sesame,Eire,14.82
Isomalt,Zoombox,28.17
Ice Cream Bar - Hageen Daz To,Oyonder,8.8
"Juice - Apple, 1.36l",Twinder,84.26
Soup - Campbells Mac N Cheese,Kwinu,6.86
Cheese - Wine,Demimbu,93.02
Kirsch - Schloss,Eadel,83.72
Bread - Raisin Walnut Oval,Gevee,8.48
"Crab - Dungeness, Whole",Topiclounge,69.72
Gatorade - Orange,Oyondu,32.45
Tilapia - Fillets,Jabbersphere,45.45
Icecream Cone - Areo Chocolate,Livetube,58.48
Anisette - Mcguiness,Viva,1.43
Instant Coffee,Rhyzio,65.79
Aspic - Amber,Zooveo,82.3
Wine - Spumante Bambino White,Riffpath,5.73
Flour - Chickpea,Wikibox,79.82
Pork Loin Cutlets,Blognation,6.59
Wine - Rosso Toscano Igt,Rhynyx,47.14
Wine - Chateau Bonnet,Skimia,65.0
Pepper Squash,Realfire,37.78
Pepper - Cubanelle,Dazzlesphere,42.51
Ecolab Digiclean Mild Fm,Topdrive,88.46
Pork - European Side Bacon,Cogibox,44.67
Capers - Ox Eye Daisy,Dynabox,39.56
Sauce - Mint,Kanoodle,68.01
Kaffir Lime Leaves,Jaxnation,44.8
Kahlua,Topicware,17.38
Wine - Maipo Valle Cabernet,Shuffletag,13.95
Artichokes - Jerusalem,Vidoo,86.63
"Cheese - Brie,danish",Edgepulse,85.78
"Juice - Apple, 500 Ml",Twinder,12.92
Ecolab - Lime - A - Way 4/4 L,Skibox,3.34
"Quail - Eggs, Fresh",Livepath,14.41
Lettuce - Frisee,Jaloo,84.76
Salmon Atl.whole 8 - 10 Lb,Jaloo,40.94
Cardamon Seed / Pod,Cogidoo,20.44
Tuna - Bluefin,Livefish,37.77
Sole - Iqf,Twitterbeat,10.3
White Baguette,InnoZ,23.96
Pie Filling - Cherry,Yakijo,99.42
Wheat - Soft Kernal Of Wheat,Kazio,92.99
Pie Shells 10,Gigashots,48.95
Lemon Grass,Youbridge,6.41
Loquat,Skipstorm,17.04
Veal - Slab Bacon,Skinder,72.96
"Chicken - Breast, 5 - 7 Oz",Tagtune,60.29
Muffin - Carrot Individual Wrap,Jaloo,24.31
Energy - Boo - Koo,Topiczoom,43.92
"Doilies - 8, Paper",Tazz,19.8
Bread - Pumpernickel,Avamm,99.17
"Soup - Knorr, Ministrone",Twitterworks,69.29
Rice - Wild,Ozu,11.55
Skirt - 24 Foot,Youfeed,40.66
"Beef - Tenderlion, Center Cut",Yakidoo,27.25
Wine - Baron De Rothschild,Topdrive,95.54
Container - Clear 16 Oz,Mydo,77.76
Cornish Hen,Youbridge,96.46
Lighter - Bbq,Blogtags,34.78
Bread Roll Foccacia,Feedfish,76.44
Bread - Italian Corn Meal Poly,Ailane,94.39
Pepper - Roasted Red,Janyx,87.71
Chicken Breast Wing On,Dabtype,67.0
Wine - Rhine Riesling Wolf Blass,Flipbug,99.6
Olives - Kalamata,Realcube,34.71
Wine - Gewurztraminer Pierre,Zoomcast,40.79
"Turkey - Breast, Double",Skivee,6.7
Onions - Cippolini,Photobean,9.13
"Brocolinni - Gaylan, Chinese",Meezzy,71.16
"Pasta - Shells, Medium, Dry",Cogidoo,80.76
"Lid - High Heat, Super Clear",Ntags,36.42
Meldea Green Tea Liquor,Riffwire,6.65
"Yogurt - Peach, 175 Gr",Voomm,79.03
Peppercorns - Pink,Photobean,20.16
Lobster - Cooked,Shufflebeat,33.28
Wine - Placido Pinot Grigo,Meezzy,37.87
Dc Hikiage Hira Huba,Rooxo,8.29
"Cake Circle, Foil, Scallop",Myworks,71.83
Cheese - Cottage Cheese,Jaxbean,89.72
Cookie Dough - Chunky,Jabbertype,18.01
Artichokes - Jerusalem,Leexo,4.16
Jagermeister,Cogidoo,99.58
Wanton Wrap,Zazio,8.58
Juice - Orangina,Twinte,43.73
Cilantro / Coriander - Fresh,Blogspan,23.59
Steel Wool S.o.s,Yakijo,57.42
Tuna - Bluefin,Midel,66.63
Jicama,Thoughtstorm,74.32
Venison - Denver Leg Boneless,Thoughtstorm,24.01
Fireball Whisky,Vimbo,78.03
"Pasta - Lasagne, Fresh",Eire,77.58
"Pork - Loin, Bone - In",Lazzy,55.75
Lumpfish Black,Yadel,73.79
Wine - Magnotta - Cab Franc,Demivee,51.78
Wine - Chateau Bonnet,Topicshots,96.66
Soup - Cream Of Broccoli,Myworks,2.19
Soup V8 Roasted Red Pepper,Youbridge,9.06
Flour - Bread,Topdrive,87.62
Wine - Conde De Valdemar,Yakidoo,14.55
Sprouts - Bean,Kamba,97.45
Nantucket - 518ml,Linkbuzz,79.6
"Veal - Insides, Grains",Yakitri,50.33
Pan Grease,Edgeclub,3.61
"Mushroom - Shitake, Fresh",Voonyx,87.18
Sprouts - Baby Pea Tendrils,Thoughtsphere,67.54
V8 Splash Strawberry Kiwi,Skalith,72.27
"Hickory Smoke, Liquid",Eamia,39.3
Ice Cream Bar - Oreo Sandwich,Thoughtsphere,55.18
V8 Splash Strawberry Banana,Edgepulse,87.16
Chips - Assorted,Twinder,39.48
Calaloo,Quinu,26.54
"Wine - Bourgogne 2002, La",Tagpad,28.69
Beef Tenderloin Aaa,Dabjam,76.67
Emulsifier,Wikizz,97.12
Coffee - Decaffeinato Coffee,Zooxo,74.74
Muffin Mix - Morning Glory,Tanoodle,16.35
Bag - Clear 7 Lb,Riffpedia,3.31
Five Alive Citrus,Innojam,40.2
Flax Seed,Wordify,88.14
Peas Snow,Fadeo,83.05
Lotus Root,Yombu,91.35
Crackers - Graham,Bubbletube,32.59
Bread Base - Goodhearth,Demivee,94.63
Fish - Bones,Zoomdog,36.97
Yogurt - Plain,Chatterbridge,68.38
Cake - Sheet Strawberry,Babbleopia,15.45
"Lemonade - Black Cherry, 591 Ml",Rooxo,23.61
Sponge Cake Mix - Vanilla,Npath,8.48
Flour - Rye,Ozu,94.21
"Cup - 3.5oz, Foam",Divape,24.82
Lid Tray - 16in Dome,Plajo,14.53
Apples - Sliced / Wedge,Roomm,96.25
"Napkin - Cocktail,beige 2 - Ply",Yozio,54.08
Green Scrubbie Pad H.duty,Babbleopia,61.73
"Wine - Red, Lurton Merlot De",Rhynoodle,82.85
Garlic - Peeled,Yodoo,11.8
Chip - Potato Dill Pickle,Meemm,96.06
Cookie - Oatmeal,Eamia,90.86
Pork - Sausage Casing,Edgewire,49.95
Juice - Ocean Spray Kiwi,Gabtune,14.82
"Pork - Butt, Boneless",Divanoodle,47.17
"Cod - Salted, Boneless",Photobug,55.95
"Wine - White, Mosel Gold",Trupe,45.2
"Coconut - Shredded, Unsweet",Yabox,77.65
Tea - Earl Grey,Jabberstorm,22.18
"Artichokes - Knobless, White",Divape,44.27
Chevere Logs,Ainyx,95.99
Foil - Round Foil,Oyonder,55.16
Bread - Italian Roll With Herbs,Skippad,72.11
"Cheese - Woolwich Goat, Log",Browseblab,16.38
Cranberry Foccacia,Zoomdog,7.27
Leeks - Large,Eazzy,74.35
Cheese - Le Cru Du Clocher,Oba,25.52
Oneshot Automatic Soap System,Flipstorm,26.23
Butter Sweet,Rhyzio,67.78
Hot Choc Vending,Yakijo,83.51
Truffle Cups - Brown,Fatz,25.63
Crush - Cream Soda,Jatri,14.75
Beans - Butter Lrg Lima,Oyoba,60.23
Longos - Grilled Salmon With Bbq,Digitube,15.59
Wine - Ej Gallo Sonoma,Abata,16.89
Lemonade - Pineapple Passion,Twiyo,94.6
Wine - Jafflin Bourgongone,Twitterbeat,33.43
Alize Gold Passion,Yotz,35.48
Ham - Procutinni,Katz,9.39
"Bread - Roll, Whole Wheat",Edgeblab,44.73
"Beef - Chuck, Boneless",Skynoodle,5.97
Bagelers - Cinn / Brown,Quamba,11.07
Chocolate - Compound Coating,Gabtype,5.72
Lettuce - Spring Mix,Oloo,69.23
Triple Sec - Mcguinness,Gigaclub,77.12
Crab - Meat Combo,Devcast,67.39
"Cheese - Brie, Triple Creme",Twitterworks,45.43
Container Clear 8 Oz,Rhybox,91.07
Halibut - Fletches,DabZ,2.66
"Cheese - Cheddar, Mild",Flashspan,44.53
"Juice - Grapefruit, 341 Ml",Tagpad,44.62
Cabbage - Nappa,Rhynyx,31.2
Chef Hat 20cm,Wikizz,54.58
"Soup - Cream Of Broccoli, Dry",Oozz,88.45
Oats Large Flake,Eabox,4.87
"Pork - Loin, Center Cut",Viva,57.36
Remy Red,Yakitri,37.79
Clam - Cherrystone,Realbridge,91.25
Irish Cream - Butterscotch,Yabox,1.24
Foil Wrap,Leexo,83.85
Milk - Chocolate 250 Ml,Oyonder,66.03
"Tarragon - Primerba, Paste",Brightbean,77.27
"Sparkling Wine - Rose, Freixenet",Meevee,69.13
Beef Wellington,Twitterbeat,48.28
Bar Bran Honey Nut,Camido,37.13
Wine - Rosso Del Veronese Igt,Realcube,48.51
Steel Wool,Zoomzone,64.46
Blouse / Shirt / Sweater,Riffpedia,77.06
"Tart Shells - Sweet, 3",Flashdog,63.39
Sprouts - Pea,Tazzy,46.25
Danishes - Mini Cheese,Trudoo,91.89
Crackers - Melba Toast,Zooxo,12.58
Chick Peas - Canned,Blogtags,66.61
"Quail - Whole, Bone - In",Realcube,26.53
"Beef - Tongue, Cooked",Oyoloo,72.04
Chips Potato Salt Vinegar 43g,Fiveclub,65.6
Coffee Beans - Chocolate,Teklist,38.69
"Bread - White, Unsliced",Roodel,82.74
Scallops - 10/20,Innotype,72.22
Fondant - Icing,Zoovu,46.79
Soup - Chicken And Wild Rice,Skilith,7.76
Chutney Sauce,Kwimbee,71.38
Five Alive Citrus,Vinte,93.56
Carbonated Water - Lemon Lime,Vitz,85.86
Arizona - Green Tea,Jazzy,13.18
Extract Vanilla Pure,Vinte,41.41
"Wine - White, Lindemans Bin 95",Zoomzone,40.46
Tea - Lemon Scented,Oozz,95.11
Gatorade - Cool Blue Raspberry,Twimm,3.7
Steel Wool S.o.s,Cogibox,80.01
Pork - Bones,Skyble,69.06
Broom And Brush Rack Black,Meevee,75.86
The Pop Shoppe - Grape,Twitterbeat,35.3
Vanilla Beans,Realbridge,40.38
"Jam - Strawberry, 20 Ml Jar",Quimm,69.69
Tilapia - Fillets,Demivee,31.12
Lumpfish Black,Voonix,73.52
Yoghurt Tubes,Chatterpoint,64.19
Wine - Sogrape Mateus Rose,Skimia,77.86
Butter - Unsalted,Meetz,41.94
Steel Wool,Tagopia,6.1
Wine - George Duboeuf Rose,Jabbersphere,33.49
"Cherries - Maraschino,jar",Nlounge,45.24
"Tart Shells - Barquettes, Savory",Quatz,92.86
Cheese - Grana Padano,Twitterbeat,5.64
Mikes Hard Lemonade,Skidoo,88.25
Duck - Fat,Gigabox,13.44
Flounder - Fresh,Pixoboo,89.4
Capers - Pickled,Roodel,67.21
Flour - Strong,Kwideo,43.34
Squash - Pepper,Mudo,59.57
Pop - Club Soda Can,Skalith,64.54
Dry Ice,Voonix,73.16
Wine - Delicato Merlot,Gigaclub,9.36
"Tortillas - Flour, 8",Wikibox,46.32
Pastry - Baked Scones - Mini,Wordify,14.81
Cocoa Powder - Natural,Brainsphere,41.36
"Arctic Char - Fresh, Whole",Leenti,28.95
Longos - Greek Salad,Zazio,84.69
"Arctic Char - Fresh, Whole",Skinix,99.69
Soup - Boston Clam Chowder,Oba,31.12
Nantucket - Carrot Orange,Bluezoom,95.1
Compound - Passion Fruit,Lazz,93.7
Napkin Colour,Devshare,19.16
"Cherries - Maraschino,jar",Ooba,61.01
Wine - Two Oceans Cabernet,Zooxo,22.0
Cheese Cheddar Processed,Twitterworks,27.38
Island Oasis - Peach Daiquiri,Skyba,76.89
Soap - Hand Soap,Talane,59.64
Coffee - Dark Roast,Ooba,71.02
Syrup - Chocolate,Topiczoom,81.75
Mussels - Frozen,Yodo,34.04
Wine - Port Late Bottled Vintage,Eamia,31.14
Puree - Pear,Camimbo,83.16
Alize Red Passion,Yakidoo,76.68
Bread - English Muffin,Oloo,6.53
Lettuce - Baby Salad Greens,Blogspan,74.46
Venison - Striploin,Eire,23.99
Crush - Cream Soda,Jabberbean,65.64
Instant Coffee,Ozu,20.24
"Beef - Chuck, Boneless",Yotz,38.18
Wine - Spumante Bambino White,Nlounge,59.45
Soup - Campbells Beef Noodle,Innojam,46.12
"Beef - Tenderlion, Center Cut",Dabshots,4.95
Peach - Halves,Wordware,94.37
"Wine - Sherry Dry Sack, William",Yambee,79.93
"Ice - Clear, 300 Lb For Carving",Linktype,23.56
Tea - Green,Yoveo,92.28
Pepper - Jalapeno,Thoughtblab,87.26
Vol Au Vents,Abata,76.43
Soup Campbells Turkey Veg.,Voomm,36.33
Peas - Frozen,Zoonoodle,78.19
Appetizer - Smoked Salmon / Dill,Realblab,54.12
Yukon Jack,Thoughtbridge,83.66
Yucca,Jabberstorm,98.95
Beef Flat Iron Steak,Vitz,26.57
"Beans - Kidney, Canned",Trilith,20.89
"Pasta - Spaghetti, Dry",Divape,4.4
Lighter - Bbq,Flipopia,67.68
Appetizer - Mushroom Tart,Brainbox,48.57
Napkin White,Ailane,15.1
Olives - Kalamata,Realcube,2.73
"Bread - Roll, Italian",Avaveo,30.97
Bagelers - Cinn / Brown Sugar,Jaxspan,8.48
"Cheese - Havarti, Roasted Garlic",Zooxo,81.21
Bread - Bistro White,Brightbean,86.47
Squeeze Bottle,Minyx,90.96
Carbonated Water - Cherry,Twitternation,64.94
Truffle Shells - White Chocolate,Layo,51.69
Noodles - Steamed Chow Mein,Fadeo,41.51
"Thyme - Lemon, Fresh",Yadel,98.72
Alize Red Passion,Ntag,21.57
Ecolab - Hand Soap Form Antibac,Blogtag,45.93
Sea Bass - Fillets,Trilia,52.33
Peach - Fresh,Bubbletube,47.01
"Wine - White, Lindemans Bin 95",Voonder,82.48
Rice - Wild,Leenti,48.22
Syrup - Monin - Granny Smith,Trilia,26.6
Alize Gold Passion,Brainbox,92.02
Pepper - Sorrano,Kamba,29.1
Chickensplit Half,Zoomzone,80.56
Icecream - Dibs,Muxo,28.79
"Nut - Almond, Blanched, Sliced",Kimia,97.57
Vacuum Bags 12x16,Pixonyx,34.04
Wine - White Cab Sauv.on,Feednation,48.47
Cheese - Stilton,Minyx,66.33
Chicken Thigh - Bone Out,Kaymbo,75.81
Beer - Steamwhistle,Skinte,78.79
Beer - Sleeman Fine Porter,Flashset,12.24
Amarula Cream,Twitternation,43.58
Island Oasis - Wildberry,Meemm,80.99
Wine - Cotes Du Rhone Parallele,Youopia,51.19
Muffin - Mix - Mango Sour Cherry,Quimm,71.16
Cup - 4oz Translucent,Edgepulse,7.19
Wine - Tribal Sauvignon,Zoomdog,47.62
Oven Mitt - 13 Inch,Skimia,40.16
Cheese - Swiss Sliced,DabZ,54.15
"Pork - Butt, Boneless",Gigabox,96.59
Puff Pastry - Sheets,Topiczoom,95.88
Dasheen,Skyble,59.65
Rum - Mount Gay Eclipes,Ailane,52.78
Red Pepper Paste,Jabbercube,6.94
Beer - Muskoka Cream Ale,Mycat,9.97
Thyme - Fresh,Jaxworks,4.99
Buffalo - Short Rib Fresh,Buzzshare,3.97
"Sauce - Soya, Dark",Yotz,95.84
Miso - Soy Bean Paste,Gigazoom,40.73
Juice - Prune,Twitterbeat,37.24
Gherkin - Sour,Roombo,49.24
Cabbage Roll,Gigabox,98.84
"Red Snapper - Fillet, Skin On",Feedfire,27.35
Compound - Strawberry,Youfeed,55.41
Gatorade - Fruit Punch,Kanoodle,27.63
"Soup - Campbells, Spinach Crm",Devshare,65.63
"Soup - Campbells, Cream Of",Realfire,2.62
Shark - Loin,Eire,48.56
Chocolate - Semi Sweet,Gigabox,15.0
Icecream - Dstk Strw Chseck,Trudoo,29.81
Lambcasing,Eidel,31.19
Cheese - Pied De Vents,Gigabox,53.0
Wine - Cabernet Sauvignon,Talane,60.0
Macaroons - Homestyle Two Bit,Realbuzz,59.19
Pepper - Sorrano,Quinu,29.39
Nantucket Orange Juice,Skyndu,11.34
Table Cloth 90x90 Colour,Yakitri,57.34
"Rum - Light, Captain Morgan",Aimbo,70.1
Veal - Sweetbread,Dablist,20.98
Kellogs Raisan Bran Bars,Vinte,4.88
Bagels Poppyseed,Gabtype,32.07
"Chilli Paste, Sambal Oelek",Yoveo,1.24
Versatainer Nc - 8288,Twinte,76.46
Cucumber - Pickling Ontario,Tanoodle,11.13
Cheese - Comtomme,Snaptags,32.12
Bouillion - Fish,Yakijo,99.35
"Basil - Dry, Rubbed",Skinder,3.13
Nestea - Iced Tea,Midel,86.77
Flour - Rye,Gabtune,72.3
Cheese - Montery Jack,Plambee,60.0
"Trout - Hot Smkd, Dbl Fillet",Dabshots,40.39
Lychee,Gabvine,57.39
Bread - Olive Dinner Roll,Flipstorm,32.08
Beef - Tenderloin Tails,Skipfire,20.01
Sauce - Hp,Topicshots,2.8
"Bread - Pumpernickle, Rounds",Digitube,71.4
Carbonated Water - Peach,Feedfish,31.22
Lamb Shoulder Boneless Nz,Ntags,38.9
Beer - Heinekin,Meembee,56.59
Pasta - Fusili Tri - Coloured,Tagchat,73.6
Wine - Riesling Dr. Pauly,Gabvine,2.37
Sugar - Cubes,Jaxbean,17.29
Capicola - Hot,Kayveo,54.67
"Stock - Veal, Brown",Centidel,82.55
Cake - Night And Day Choclate,Oloo,2.31
Flour - Cake,Yacero,70.07
"Bread - Pullman, Sliced",Oyonder,2.55
"Jam - Raspberry,jar",Cogidoo,91.72
"Pork - Bacon, Double Smoked",Twitterbridge,42.41
Pie Shell - 5,Zoonoodle,82.86
Mushroom - Morel Frozen,Tazz,49.91
"Veal - Round, Eye Of",Flashdog,3.6
"Cheese - Boursin, Garlic / Herbs",Livetube,82.77
"Veal - Inside, Choice",Tagtune,82.14
Island Oasis - Cappucino Mix,Oyondu,78.33
Mix - Cocktail Ice Cream,Browsezoom,29.89
Wine - Sauvignon Blanc Oyster,Aibox,55.1
Lettuce - Belgian Endive,Fatz,46.27
Wine - Alsace Riesling Reserve,Mudo,3.52
Lamb Leg - Bone - In Nz,Blogspan,98.06
Wanton Wrap,Rhyloo,43.47
Cup - 4oz Translucent,Feedfish,29.33
Steampan - Half Size Shallow,Skimia,79.98
Wine - Charddonnay Errazuriz,Flipopia,6.47
Milk - 2%,Zoonder,85.64
Juice - Apple 284ml,Yotz,71.13
Longos - Grilled Chicken With,Realpoint,39.31
Chicken - Soup Base,Meeveo,72.12
"Cheese - Romano, Grated",Photobean,37.37
Beef - Tenderloin Tails,Vimbo,62.27
Beer - Mill St Organic,Yamia,72.81
Beer - Upper Canada Light,Shufflebeat,15.22
White Fish - Filets,Mynte,15.49
Pepper - Sorrano,Dabtype,71.47
Muffin Mix - Blueberry,Vidoo,11.72
Pastry - Lemon Danish - Mini,Digitube,96.13
"Asparagus - Green, Fresh",Realcube,89.92
Soup - Campbells Chicken,Thoughtbridge,45.6
Ecolab - Power Fusion,Vimbo,67.19
Crab - Meat Combo,Edgeify,27.9
Bread - Hot Dog Buns,Skivee,51.39
"Tart Shells - Savory, 3",Skinix,73.35
Cheese Cloth,Meedoo,84.42
Squash - Guords,Oyonder,38.89
"Pork - Tenderloin, Fresh",Feednation,2.86
"Yogurt - Raspberry, 175 Gr",Kimia,30.7
"Veal - Chops, Split, Frenched",Skilith,25.25
"Pasta - Penne, Rigate, Dry",Zoomcast,68.14
Tea - Mint,Realpoint,39.31
"Ham - Smoked, Bone - In",Kazio,37.55
Island Oasis - Ice Cream Mix,Eare,73.19
Bread Fig And Almond,Katz,78.73
Bag - Clear 7 Lb,Mycat,17.56
Lemons,Mydo,38.01
Wine - Vouvray Cuvee Domaine,Geba,51.2
Arrowroot,Ntags,57.2
Chick Peas - Dried,Yozio,33.5
Table Cloth 81x81 Colour,Babbleblab,9.29
Calypso - Strawberry Lemonade,Bluejam,77.14
Rice - Long Grain,Flipstorm,42.37
Bar - Granola Trail Mix Fruit Nut,Wordtune,9.03
Cake - Night And Day Choclate,Fivechat,64.42
